id;title;description;lat;lon;date;postedby_id
1;override Front-line;Missouri program upward-trending;68769;48298;2023-02-25T10:54:24;1
2;Avon;Borders GraniteXXXXX;86833;62124;2023-02-25T13:24:48;2
3;rich Hampshire;InnovativeXXXXXXXXXX;62729;77232;2023-02-25T00:05:34;2
4;capacitor;Islands pink MetalXX;91070;4671;2023-02-25T11:35:01;2
5;niches Arab Djibouti;matrix depositXXXXXX;61227;54443;2023-02-24T18:55:31;1
6;Intelligent;SSL capacitor AvonXX;5354;33889;2023-02-24T23:11:46;2
7;web-enabled Metal driver;Card CheeseXXXXXXXXX;81719;13883;2023-02-24T17:56:17;2
8;JSON;next-generation Pants Future;61551;9640;2023-02-25T12:33:07;2
9;Tugrik Planner;indexingXXXXXXXXXXXX;5380;48848;2023-02-24T22:04:38;1
10;vertical invoice RAM;BaconXXXXXXXXXXXXXXX;19316;70691;2023-02-24T20:12:48;1
