id;description;date;location;item;name;email;phone_number
1;web-enabled;2023-03-22;withdrawal;generating Rustic interactive;empowering cross-platform Granite;Freida.Gutkowski@yahoo.com;Data Account grey
2;Corporate Buckinghamshire;2023-03-21;invoice;Avon;hack;Charlie63@yahoo.com;Soap Object-based teal
3;Product Product intuitive;2023-03-22;indigo;emulation navigate Keyboard;grey Dinar distributed;Ignacio67@yahoo.com;B2C olive Buckinghamshire
4;application driver;2023-03-22;Designer solution Greens;parse cyan Steel;Garden;Jose_Connelly41@yahoo.com;Hollow Garden Tuvalu
5;24/365;2023-03-22;Indiana Creative Multi-channelled;Loan Mississippi;port;Rosa.Kreiger20@hotmail.com;Ethiopia mission-critical SMS
6;static didactic Electronics;2023-03-22;synthesize;alliance;Mississippi;Dolly.Gottlieb@gmail.com;methodologies robust Rubber
7;FTP;2023-03-21;withdrawal Practical;incubate;Handcrafted application France;Barbara_Schamberger73@gmail.com;Concrete International vortals
8;generate Kentucky Radial;2023-03-21;optical wireless;impactful;Computers;Samson.Fahey@gmail.com;optical fresh-thinking
9;bluetooth;2023-03-22;Cambridgeshire Health;Frozen;structure;Jennie_Windler93@yahoo.com;repurposeXX
10;mesh JBOD;2023-03-22;Sahara needs-based pink;asynchronous;Fantastic generating;Foster.McLaughlin55@yahoo.com;Electronics
